Image_Name,source_DOI,Figure_Number
1-s2.0-B9780124080980000045-f04-09-9780124080980,https://doi.org/10.1016/B978-0-12-408098-0.00004-5,Figure 9
1-s2.0-S0008622314008835-gr8_lrg,https://doi.org/10.1016/j.carbon.2014.09.031,Figure 8
1-s2.0-S0008884618300541-gr4_lrg,https://doi.org/10.1016/j.cemconres.2019.01.003,Figure 4
1-s2.0-S0010465521001934-gr002_lrg,https://doi.org/10.1016/j.cpc.2021.108081,Figure 2
1-s2.0-S0010465521001934-gr006_lrg,https://doi.org/10.1016/j.cpc.2021.108081,Figure 6
1-s2.0-S0013794407003797-gr11,https://doi.org/10.1016/j.engfracmech.2007.10.005,Figure 11
1-s2.0-S0013794407003797-gr23,https://doi.org/10.1016/j.engfracmech.2007.10.005,Figure 23
1-s2.0-S0021979723000127-gr5_lrg,https://doi.org/10.1016/j.jcis.2023.01.015,Figure 5
1-s2.0-S0022311513006508-gr11,https://doi.org/10.1016/j.jnucmat.2013.04.042,Figure 11
1-s2.0-S0032591014004161-gr7,https://doi.org/10.1016/j.powtec.2014.04.086,Figure 7
1-s2.0-S0038092X19302774-gr8_lrg,https://doi.org/10.1016/j.solener.2019.03.051,Figure 8
1-s2.0-S0039602805013695-gr2,https://doi.org/10.1016/j.susc.2005.12.023,Figure 2
1-s2.0-S0039602805013695-gr3,https://doi.org/10.1016/j.susc.2005.12.023,Figure 3
1-s2.0-S0079642508000510-gr35,https://doi.org/10.1016/j.pmatsci.2008.06.002,Figure 35
1-s2.0-S0079642508000510-gr42,https://doi.org/10.1016/j.pmatsci.2008.06.002,Figure 42
1-s2.0-S0079642508000510-gr54,https://doi.org/10.1016/j.pmatsci.2008.06.002,Figure 54
1-s2.0-S0079642520300372-gr62_lrg,https://doi.org/10.1016/j.pmatsci.2020.100673,Figure 62
1-s2.0-S0079642520300372-gr9_lrg,https://doi.org/10.1016/j.pmatsci.2020.100673,Figure 9
1-s2.0-S0079642522001189-gr11_lrg,https://doi.org/10.1016/j.pmatsci.2022.101037,Figure 11
1-s2.0-S0079656517300201-gr38_lrg,https://doi.org/10.1016/j.pnmrs.2017.06.002,Figure 38
1-s2.0-S0079656517300201-gr46_lrg,https://doi.org/10.1016/j.pnmrs.2017.06.002,Figure 46
1-s2.0-S0079656517300201-gr49_lrg,https://doi.org/10.1016/j.pnmrs.2017.06.002,Figure 49
1-s2.0-S0146641021000363-gr11_lrg,https://doi.org/10.1016/j.ppnp.2021.103882,Figure 11
1-s2.0-S0167732218351663-gr2_lrg,https://doi.org/10.1016/j.molliq.2018.12.112,Figure 2
1-s2.0-S0257897220313931-gr7_lrg,https://doi.org/10.1016/j.surfcoat.2020.126723,Figure 7
1-s2.0-S0301679X14003764-gr10_lrg,https://doi.org/10.1016/j.triboint.2014.10.019,Figure 10
1-s2.0-S0301679X14003764-gr14_lrg,https://doi.org/10.1016/j.triboint.2014.10.019,Figure 14
1-s2.0-S0360128516301654-gr19_lrg,https://doi.org/10.1016/j.pecs.2017.09.001,Figure 19
1-s2.0-S0360128516301654-gr26_lrg,https://doi.org/10.1016/j.pecs.2017.09.001,Figure 26
1-s2.0-S0360128516301654-gr28_lrg,https://doi.org/10.1016/j.pecs.2017.09.001,Figure 28
1-s2.0-S0360128516301654-gr50_lrg,https://doi.org/10.1016/j.pecs.2017.09.001,Figure 50
1-s2.0-S0360128516301654-gr53_lrg,https://doi.org/10.1016/j.pecs.2017.09.001,Figure 53
1-s2.0-S0364591622001304-fx16_lrg,https://doi.org/10.1016/j.calphad.2022.102527,Figure 13
1-s2.0-S0370157306004418-gr4,https://doi.org/10.1016/j.physrep.2006.10.003,Figure 4
1-s2.0-S0370157319300043-gr19_lrg,https://doi.org/10.1016/j.physrep.2019.01.004,Figure 19
1-s2.0-S0892687523003187-gr1_lrg,https://doi.org/10.1016/j.mineng.2023.108304,Figure 1
1-s2.0-S0924424701008524-gr17,https://doi.org/10.1016/S0924-4247LP01RP00852-4,Figure 17
1-s2.0-S0924424701008524-gr8,https://doi.org/10.1016/S0924-4247LP01RP00852-4,Figure 8
1-s2.0-S0927796X23000335-gr23_lrg,https://doi.org/10.1016/j.mser.2023.100747,Figure 23
1-s2.0-S0927796X23000335-gr23_lrg,https://doi.org/10.1016/j.mser.2023.100747,Figure 23
1-s2.0-S0950061818318816-gr5_lrg,https://doi.org/10.1016/j.conbuildmat.2018.07.210,Figure 5
1-s2.0-S0950061819325589-gr10_lrg,https://doi.org/10.1016/j.conbuildmat.2019.117116,Figure 10
1-s2.0-S1002072123002326-gr6_lrg,https://doi.org/10.1016/j.jre.2023.08.015,Figure 6
1-s2.0-S1359431123008050-gr5_lrg,https://doi.org/10.1016/j.applthermaleng.2023.120776,Figure 5
1-s2.0-S1748013212000473-gr5_lrg,https://doi.org/10.1016/j.nantod.2012.04.006,Figure 5
1-s2.0-S223878542301997X-gr11_lrg,https://doi.org/10.1016/j.jmrt.2023.08.183,Figure 11
1-s2.0-S2352431616300359-gr6_lrg,https://doi.org/10.1016/j.eml.2016.07.009,Figure 6
